{
    "0d14ef46-8463-4901-98e5-639c8d3f8d5e": {
        "pre-b42video16": {
            "score": 0.0008933889219773676
        },
        "pre-b42video17": {
            "score": 0.0005899705014749262
        }
    },
    "2c6b3a81-3d8e-44ac-b35e-f2d337526c9a": {
        "pre-b42video21": {
            "score": 0.002046783625730994
        },
        "pre-b42video6": {
            "score": 0.001472272206772452
        }
    },
    "5fb1b862-7965-4d0f-a243-9a8272e28e0f": {
        "pre-b42video21": {
            "score": 0.002046783625730994
        },
        "pre-b42video32": {
            "score": 0.0049671811247117255
        }
    },
    "5fce3e45-1fd8-423f-918c-ed314bece7df": {
        "pre-b42video30": {
            "score": 0.003055878928987195
        },
        "pre-b42video9": {
            "score": 0.004415011037527594
        }
    },
    "74aaf248-daa8-437f-9eb8-b8fbf5068123": {
        "pre-b42video12": {
            "score": 0.005763688760806916
        },
        "pre-b42video6": {
            "score": 0.005561917225584819
        }
    },
    "8f123a09-d173-47f3-a1d9-841c9e0798ce": {
        "pre-b42video18": {
            "score": 0.004423147806855879
        },
        "pre-b42video39": {
            "score": 0.004895960832313341
        }
    },
    "b273458d-e596-4a35-8689-ff41e3851e39": {
        "pre-b42video18": {
            "score": 0.004791743457427202
        },
        "pre-b42video30": {
            "score": 0.005820721769499414
        }
    },
    "bbcdc963-b065-48a0-b0c6-9fac54abfb6b": {
        "pre-b42video12": {
            "score": 0.0028818443804034585
        },
        "pre-b42video8": {
            "score": 0.0022624434389140274
        }
    },
    "d95cde78-1dbf-48f8-b51c-17dfc6ce09db": {
        "pre-b42video12": {
            "score": 0.004610951008645533
        },
        "pre-b42video15": {
            "score": 0.0038809831824062097
        }
    },
    "e0f85280-6c1d-4ddd-85fd-15d6269ffbaa": {
        "pre-b42video12": {
            "score": 0.0011527377521613833
        },
        "pre-b42video39": {
            "score": 0.0012239902080783353
        }
    },
    "e6eb2bc5-2b5a-43c7-ad23-28fe4dd28e88": {
        "pre-b42video36": {
            "score": 0.004618937644341801
        },
        "pre-b42video37": {
            "score": 0.0032889042755755576
        }
    },
    "fa845d01-d559-42e4-ba6f-3ac8cf19a179": {
        "pre-b42video1": {
            "score": 0.002904443799012489
        },
        "pre-b42video9": {
            "score": 0.002207505518763797
        }
    }
}