{
    "0d14ef46-8463-4901-98e5-639c8d3f8d5e": {
        "pre-b42video12": {
            "score": 61.188000440597534
        },
        "pre-b42video34": {
            "score": 60.160893201828
        }
    },
    "2c6b3a81-3d8e-44ac-b35e-f2d337526c9a": {
        "pre-b42video26": {
            "score": 68.31863522529602
        },
        "pre-b42video27": {
            "score": 73.26248288154602
        }
    },
    "5fb1b862-7965-4d0f-a243-9a8272e28e0f": {
        "pre-b42video29": {
            "score": 66.40580296516418
        },
        "pre-b42video32": {
            "score": 71.99894785881042
        }
    },
    "5fce3e45-1fd8-423f-918c-ed314bece7df": {
        "pre-b42video10": {
            "score": 66.89720749855042
        },
        "pre-b42video32": {
            "score": 63.99967670440674
        }
    },
    "74aaf248-daa8-437f-9eb8-b8fbf5068123": {
        "pre-b42video29": {
            "score": 42.25701093673706
        },
        "pre-b42video30": {
            "score": 43.74863803386688
        }
    },
    "8f123a09-d173-47f3-a1d9-841c9e0798ce": {
        "pre-b42video13": {
            "score": 59.455686807632446
        },
        "pre-b42video18": {
            "score": 53.486865758895874
        }
    },
    "b273458d-e596-4a35-8689-ff41e3851e39": {
        "pre-b42video26": {
            "score": 59.77460741996765
        },
        "pre-b42video27": {
            "score": 66.08114242553711
        }
    },
    "bbcdc963-b065-48a0-b0c6-9fac54abfb6b": {
        "pre-b42video2": {
            "score": 60.13139486312866
        },
        "pre-b42video26": {
            "score": 59.68155860900879
        }
    },
    "d95cde78-1dbf-48f8-b51c-17dfc6ce09db": {
        "pre-b42video14": {
            "score": 70.0124204158783
        },
        "pre-b42video24": {
            "score": 70.13680338859558
        }
    },
    "e0f85280-6c1d-4ddd-85fd-15d6269ffbaa": {
        "pre-b42video14": {
            "score": 51.90044641494751
        },
        "pre-b42video39": {
            "score": 66.24513864517212
        }
    },
    "e6eb2bc5-2b5a-43c7-ad23-28fe4dd28e88": {
        "pre-b42video19": {
            "score": 65.05076289176941
        },
        "pre-b42video36": {
            "score": 62.818443775177
        }
    },
    "fa845d01-d559-42e4-ba6f-3ac8cf19a179": {
        "pre-b42video21": {
            "score": 58.69554877281189
        },
        "pre-b42video5": {
            "score": 64.32886719703674
        }
    }
}